{"execution_1": {"timestamp": 1437996184.682989, "average_resources": {"move_group": {"mem": 2.036211417780982, "cpu": 9.71944444709354}}, "resources": {"move_group": {"mem": [2.033780574798584, 2.036280870437622, 2.036280870437622, 2.036280870437622, 2.036280870437622, 2.036280870437622, 2.036280870437622, 2.036280870437622, 2.036280870437622, 2.036280870437622, 2.036280870437622, 2.036280870437622, 2.036280870437622, 2.036280870437622, 2.036280870437622, 2.036280870437622, 2.036280870437622, 2.036280870437622, 2.036280870437622, 2.036280870437622, 2.036280870437622, 2.036280870437622, 2.036280870437622, 2.036280870437622, 2.036280870437622, 2.036280870437622, 2.036280870437622, 2.036280870437622, 2.036280870437622, 2.036280870437622, 2.036280870437622, 2.036280870437622, 2.036280870437622, 2.036280870437622, 2.036280870437622, 2.036280870437622], "cpu": [30.0, 10.0, 15.0, 10.0, 10.0, 10.0, 10.0, 10.0, 5.0, 5.0, 10.0, 10.0, 10.0, 10.0, 10.0, 5.0, 10.0, 10.0, 15.0, 10.0, 10.0, 10.0, 10.0, 5.0, 5.0, 10.0, 10.0, 10.0, 10.0, 5.0, 10.0, 5.0, 10.0, 10.0, 4.900000095367432, 10.0]}}, "time": 10.027870893478394}, "execution_2": {"path_length base_link to gripper_right_grasp_link": 1.2788284919583681, "average_resources": {"move_group": {"mem": 2.057203953082745, "cpu": 9.07307690840501}, "grasping_app": {"mem": 1.7841712740751414, "cpu": 7.920769225634062}}, "time": 52.565605878829956, "path_length base_link to arm_right_3_link": 2.588184649596522e-13, "timestamp": 1437996196.369272, "resources": {"move_group": {"mem": [2.057068109512329, 2.057068109512329, 2.057068109512329, 2.057068109512329, 2.057068109512329, 2.057068109512329, 2.057068109512329, 2.057068109512329, 2.057068109512329, 2.057068109512329, 2.057068109512329, 2.057068109512329, 2.057068109512329, 2.057068109512329, 2.057068109512329, 2.057068109512329, 2.057068109512329, 2.057068109512329, 2.057068109512329, 2.057068109512329, 2.057068109512329, 2.057068109512329, 2.057068109512329, 2.057068109512329, 2.057068109512329, 2.057068109512329, 2.057068109512329, 2.057068109512329, 2.057068109512329, 2.057068109512329, 2.057068109512329, 2.057068109512329, 2.057068109512329, 2.057068109512329, 2.057068109512329, 2.057068109512329, 2.057068109512329, 2.057068109512329, 2.057068109512329, 2.057068109512329, 2.0572643280029297, 2.0572643280029297, 2.0572643280029297, 2.0572643280029297, 2.0572643280029297, 2.0572643280029297, 2.0572643280029297, 2.0572643280029297, 2.0572643280029297, 2.0572643280029297, 2.0572643280029297, 2.0572643280029297, 2.0572643280029297, 2.0572643280029297, 2.0572643280029297, 2.0572643280029297, 2.0572643280029297, 2.0572643280029297, 2.0572643280029297, 2.0572643280029297, 2.0572643280029297, 2.0572643280029297, 2.0572643280029297, 2.0572643280029297, 2.0572643280029297, 2.0572643280029297, 2.0572643280029297, 2.0572643280029297, 2.0572643280029297, 2.0572643280029297, 2.0572643280029297, 2.0572643280029297, 2.0572643280029297, 2.0572643280029297, 2.0572643280029297, 2.0572643280029297, 2.0572643280029297, 2.0572643280029297, 2.0572643280029297, 2.0572643280029297, 2.0572643280029297, 2.0572643280029297, 2.0572643280029297, 2.0572643280029297, 2.0572643280029297, 2.0572643280029297, 2.0572643280029297, 2.0572643280029297, 2.0572643280029297, 2.0572643280029297, 2.0572643280029297, 2.0572643280029297, 2.0572643280029297, 2.0572643280029297, 2.0572643280029297, 2.0572643280029297, 2.0572643280029297, 2.0572643280029297, 2.0572643280029297, 2.0572643280029297, 2.0572643280029297, 2.0572643280029297, 2.0572643280029297, 2.0572643280029297, 2.0572643280029297, 2.0572643280029297, 2.0572643280029297, 2.0572643280029297, 2.0572643280029297, 2.0572643280029297, 2.0572643280029297, 2.0572643280029297, 2.0572643280029297, 2.0572643280029297, 2.0572643280029297, 2.0572643280029297, 2.0572643280029297, 2.0572643280029297, 2.0572643280029297, 2.0572643280029297, 2.0572643280029297, 2.0572643280029297, 2.0572643280029297, 2.0572643280029297, 2.0572643280029297, 2.0572643280029297, 2.0572643280029297, 2.0572643280029297, 2.0572643280029297, 2.0572643280029297], "cpu": [15.0, 14.899999618530273, 10.0, 10.0, 10.0, 5.0, 15.0, 10.0, 10.0, 10.0, 5.0, 10.0, 5.0, 10.0, 10.0, 10.0, 10.0, 10.0, 10.0, 10.0, 5.0, 5.0, 10.0, 10.0, 5.0, 5.0, 5.0, 10.0, 5.0, 10.0, 5.0, 10.0, 10.0, 5.0, 5.0, 10.0, 10.0, 10.0, 5.0, 10.0, 5.0, 5.0, 10.0, 10.0, 5.0, 5.0, 10.0, 10.0, 14.899999618530273, 15.0, 5.0, 10.0, 10.0, 10.0, 5.0, 10.0, 10.0, 10.0, 5.0, 5.0, 10.0, 10.0, 10.0, 15.0, 10.0, 10.0, 10.0, 10.0, 5.0, 10.0, 5.0, 5.0, 10.0, 10.0, 10.0, 10.0, 10.0, 10.0, 5.0, 10.0, 14.899999618530273, 10.0, 10.0, 5.0, 10.0, 5.0, 5.0, 10.0, 9.899999618530273, 10.0, 5.0, 9.899999618530273, 10.0, 10.0, 10.0, 10.0, 10.0, 15.0, 5.0, 10.0, 10.0, 10.0, 5.0, 5.0, 10.0, 10.0, 15.0, 5.0, 10.0, 15.0, 10.0, 10.0, 5.0, 10.0, 15.0, 10.0, 5.0, 10.0, 10.0, 10.0, 15.0, 10.0, 10.0, 10.0, 10.0, 10.0, 5.0, 10.0, 10.0, 10.0]}, "grasping_app": {"mem": [1.777468204498291, 1.777468204498291, 1.777468204498291, 1.777468204498291, 1.777468204498291, 1.777468204498291, 1.777468204498291, 1.777468204498291, 1.777468204498291, 1.777468204498291, 1.777468204498291, 1.777468204498291, 1.777468204498291, 1.777468204498291, 1.777468204498291, 1.777468204498291, 1.777468204498291, 1.777468204498291, 1.777468204498291, 1.777468204498291, 1.777468204498291, 1.777468204498291, 1.777468204498291, 1.777468204498291, 1.777468204498291, 1.777468204498291, 1.777468204498291, 1.777468204498291, 1.777468204498291, 1.777468204498291, 1.777468204498291, 1.777468204498291, 1.777468204498291, 1.777468204498291, 1.777468204498291, 1.777468204498291, 1.777468204498291, 1.777468204498291, 1.777468204498291, 1.777468204498291, 1.777468204498291, 1.777468204498291, 1.777468204498291, 1.777468204498291, 1.777468204498291, 1.777468204498291, 1.777468204498291, 1.777468204498291, 1.777468204498291, 1.777468204498291, 1.777468204498291, 1.777468204498291, 1.777468204498291, 1.777468204498291, 1.777468204498291, 1.7807039022445679, 1.7807039022445679, 1.7807039022445679, 1.7807039022445679, 1.7807039022445679, 1.7807039022445679, 1.7807039022445679, 1.7870774269104004, 1.7870774269104004, 1.7870774269104004, 1.7870774269104004, 1.7870774269104004, 1.7870774269104004, 1.7870774269104004, 1.7870774269104004, 1.7870774269104004, 1.7870774269104004, 1.7870774269104004, 1.7870774269104004, 1.7870774269104004, 1.7870774269104004, 1.7870774269104004, 1.7870774269104004, 1.7870774269104004, 1.7870774269104004, 1.7870774269104004, 1.7870774269104004, 1.7870774269104004, 1.7870774269104004, 1.7870774269104004, 1.7870774269104004, 1.7870774269104004, 1.7870774269104004, 1.7870774269104004, 1.7870774269104004, 1.7870774269104004, 1.7870774269104004, 1.7870774269104004, 1.7870774269104004, 1.7870774269104004, 1.7870774269104004, 1.7870774269104004, 1.7870774269104004, 1.7870774269104004, 1.7870774269104004, 1.7870774269104004, 1.7870774269104004, 1.7870774269104004, 1.7870774269104004, 1.7870774269104004, 1.7870774269104004, 1.7870774269104004, 1.7870774269104004, 1.7870774269104004, 1.7870774269104004, 1.7870774269104004, 1.7870774269104004, 1.7870774269104004, 1.7870774269104004, 1.7992850542068481, 1.7992850542068481, 1.7992850542068481, 1.7992850542068481, 1.7992850542068481, 1.7992850542068481, 1.7992850542068481, 1.7992850542068481, 1.7992850542068481, 1.7992850542068481, 1.7992850542068481, 1.7992850542068481, 1.7992850542068481, 1.7992850542068481, 1.7992850542068481, 1.7992850542068481],